{"version": 2, "width": 149, "height": 14, "timestamp": 1719133057, "env": {"SHELL": "/bin/bash", "TERM": "xterm-256color"}}
[0.046596, "o", "\u001b[?2004h\u001b]0;maksim@maksim: ~/python-project-50\u0007\u001b[01;32mmaksim@maksim\u001b[00m:\u001b[01;34m~/python-project-50\u001b[00m$ "]
[2.648294, "o", "g"]
[2.863085, "o", "e"]
[3.451453, "o", "n"]
[4.622347, "o", "d"]
[4.880064, "o", "i"]
[6.350556, "o", "f"]
[6.52965, "o", "f"]
[7.245593, "o", " "]
[7.698761, "o", "-"]
[8.786899, "o", "h"]
[9.681374, "o", "\r\n\u001b[?2004l\r"]
[9.749163, "o", "usage: gendiff [-h] [-f {stylish,plain,json}] first_file second_file"]
[9.749624, "o", "\r\n"]
[9.753526, "o", "\r\nCompares two configuration files and shows a difference\r\n\r\npositional arguments:\r\n  first_file\r\n  second_file\r\n\r\noptions:\r\n  -h, --help            show this help message and exit\r\n  -f {stylish,plain,json}, --format {stylish,plain,json}\r\n                        set format of output\r\n"]
[9.761656, "o", "\u001b[?2004h\u001b]0;maksim@maksim: ~/python-project-50\u0007\u001b[01;32mmaksim@maksim\u001b[00m:\u001b[01;34m~/python-project-50\u001b[00m$ "]
[12.631943, "o", "\u001b[7mgendiff tests/fixtures/file_nested1.json tests/fixtures/file_nested2.json \u001b[27m\r\n\r"]
[13.701485, "o", "\u001b[A\u001b[C\u001b[C\u001b[C\u001b[C\u001b[C\u001b[C\u001b[C\u001b[C\u001b[C\u001b[C\u001b[C\u001b[C\u001b[C\u001b[C\u001b[C\u001b[C\u001b[C\u001b[C\u001b[C\u001b[C\u001b[C\u001b[C\u001b[C\u001b[C\u001b[C\u001b[C\u001b[C\u001b[C\u001b[C\u001b[C\u001b[C\u001b[C\u001b[C\u001b[C\u001b[Cgendiff tests/fixtures/file_nested1.json tests/fixtures/file_nested2.json \r\n\r\u001b[K\u001b[A\u001b[C\u001b[C\u001b[C\u001b[C\u001b[C\u001b[C\u001b[C\u001b[C\u001b[C\u001b[C\u001b[C\u001b[C\u001b[C\u001b[C\u001b[C\u001b[C\u001b[C\u001b[C\u001b[C\u001b[C\u001b[C\u001b[C\u001b[C\u001b[C\u001b[C\u001b[C\u001b[C\u001b[C\u001b[C\u001b[C\u001b[C\u001b[C\u001b[C\u001b[C\u001b[C\u001b[C\u001b[C\u001b[C\u001b[C\u001b[C\u001b[C\u001b[C\u001b[C\u001b[C\u001b[C\u001b[C\u001b[C\u001b[C\u001b[C\u001b[C\u001b[C\u001b[C\u001b[C\u001b[C\u001b[C\u001b[C\u001b[C\u001b[C\u001b[C\u001b[C\u001b[C\u001b[C\u001b[C\u001b[C\u001b[C\u001b[C\u001b[C\u001b[C\u001b[C\u001b[C\u001b[C\u001b[C\u001b[C\u001b[C\u001b[C\u001b[C\u001b[C\u001b[C\u001b[C\u001b[C\u001b[C\u001b[C\u001b[C\u001b[C\u001b[C\u001b[C\u001b[C\u001b[C\u001b[C\u001b[C\u001b[C\u001b[C\u001b[C\u001b[C\u001b[C\u001b[C\u001b[C\u001b[C\u001b[C\u001b[C\u001b[C\u001b[C\u001b[C\u001b[C\u001b[C\u001b[C\u001b[C\u001b[C\u001b[C"]
[15.810845, "o", "\r\n"]
[15.8116, "o", "\u001b[?2004l\r"]
[15.879542, "o", "{\r\n    common: {\r\n      + follow: false\r\n        setting1: Value 1\r\n      - setting2: 200\r\n      - setting3: true\r\n      + setting3: null\r\n      + setting4: blah blah\r\n      + setting5: {\r\n            key5: value5\r\n        }\r\n        setting6: {\r\n            doge: {\r\n              - wow: \r\n              + wow: so much\r\n            }\r\n            key: value\r\n          + ops: vops\r\n        }\r\n    }\r\n    group1: {\r\n      - baz: bas\r\n      + baz: bars\r\n        foo: bar\r\n      - nest: {\r\n            key: value\r\n        }\r\n      + nest: str\r\n    }\r\n  - group2: {\r\n        abc: 12345\r\n        deep: {\r\n            id: 45\r\n        }\r\n    }\r\n  + group3: {\r\n        deep: {\r\n            id: {\r\n                number: 45\r\n            }\r\n        }\r\n        fee: 100500\r\n    }\r\n}\r\n\u001b[?2004h\u001b]0;maksim@maksim: ~/python-project-50\u0007\u001b[01;32mmaksim@maksim\u001b[00m:\u001b[01;34m~/python-project-50\u001b[00m$ "]
[19.47285, "o", "\u001b[?2004l\r\r\nexit\r\n"]
